{"cameraMode":{"drawMode":0,"name":"Shaded","section":"Shading Mode"},"sceneLighting":false,"audioPlay":false,"sceneViewState":{"m_AlwaysRefresh":false,"showFog":true,"showSkybox":false,"showFlares":true,"showImageEffects":true,"showParticleSystems":true,"showVisualEffectGraphs":true,"m_FxEnabled":true},"in2DMode":false,"pivot":{"x":-0.3905019760131836,"y":-0.40053606033325198,"z":-0.19890837371349336},"rotation":{"x":0.11350253969430924,"y":0.7016816139221191,"z":-0.11461522430181503,"w":0.694116473197937},"size":6.924746513366699,"orthographic":false}