{"cameraMode":{"drawMode":0,"name":"Shaded","section":"Shading Mode"},"sceneLighting":false,"audioPlay":false,"sceneViewState":{"m_AlwaysRefresh":false,"showFog":true,"showSkybox":false,"showFlares":true,"showImageEffects":true,"showParticleSystems":true,"showVisualEffectGraphs":true,"m_FxEnabled":true},"in2DMode":false,"pivot":{"x":4.922572135925293,"y":7.3712921142578129,"z":14.692441940307618},"rotation":{"x":0.05102108046412468,"y":0.9461345672607422,"z":-0.26182472705841067,"w":0.18389178812503816},"size":14.87444019317627,"orthographic":false}