{"cameraMode":{"drawMode":0,"name":"Shaded","section":"Shading Mode"},"sceneLighting":true,"audioPlay":false,"sceneViewState":{"m_AlwaysRefresh":false,"showFog":true,"showSkybox":true,"showFlares":true,"showImageEffects":true,"showParticleSystems":true,"showVisualEffectGraphs":true,"m_FxEnabled":true},"in2DMode":false,"pivot":{"x":-22.648141860961915,"y":4.706211090087891,"z":1.5889891386032105},"rotation":{"x":0.21867817640304566,"y":0.6620481014251709,"z":-0.2113640457391739,"w":0.6850918531417847},"size":14.350914001464844,"orthographic":false}