{"cameraMode":{"drawMode":0,"name":"Shaded","section":"Shading Mode"},"sceneLighting":true,"audioPlay":false,"sceneViewState":{"m_AlwaysRefresh":false,"showFog":true,"showSkybox":true,"showFlares":true,"showImageEffects":true,"showParticleSystems":true,"showVisualEffectGraphs":true,"m_FxEnabled":true},"in2DMode":false,"pivot":{"x":-6.5939836502075199,"y":-2.7394142150878908,"z":-21.61017417907715},"rotation":{"x":0.021388869732618333,"y":0.9289900660514832,"z":-0.36567673087120058,"w":0.05441104620695114},"size":22.670209884643556,"orthographic":false}